{
  "train_loss": [
    1.31899955868721,
    1.2457091510295868,
    1.197860836982727,
    1.1494903862476349,
    1.0856209099292755,
    1.0380454808473587,
    0.9904220551252365,
    1.01911062002182,
    0.9641130119562149,
    0.9819283038377762,
    0.9822779893875122,
    0.9541896432638168,
    0.9699724912643433,
    0.9525865763425827,
    0.9144310355186462,
    0.9134802967309952,
    0.9012759625911713,
    0.9191853553056717,
    0.9055093079805374,
    0.8930342644453049,
    0.8810419738292694,
    0.8767994493246078,
    0.8474526852369308,
    0.856062114238739,
    0.8840534687042236,
    0.8530926704406738,
    0.8420941680669785,
    0.8395235538482666,
    0.8594321459531784,
    0.8727773725986481,
    0.8361101597547531,
    0.8571608364582062,
    0.8398448079824448,
    0.8231725245714188,
    0.818827286362648,
    0.8248645067214966,
    0.8344083279371262,
    0.8437299132347107,
    0.8246173858642578,
    0.8320504724979401,
    0.806881308555603,
    0.8118274658918381,
    0.8039670139551163,
    0.8107287436723709,
    0.8308102339506149,
    0.8305713683366776,
    0.7975491732358932,
    0.7879545986652374,
    0.8053900897502899,
    0.8314976096153259,
    0.816580593585968,
    0.7831309586763382,
    0.8150312900543213,
    0.8106246292591095,
    0.7880685031414032,
    0.7994369715452194,
    0.7731706202030182,
    0.8125661313533783,
    0.7699746042490005,
    0.7892549186944962,
    0.7821451872587204,
    0.7784498333930969,
    0.739281639456749,
    0.7809411734342575,
    0.8032578527927399,
    0.7659762650728226,
    0.7806427478790283,
    0.7929332554340363,
    0.7639851570129395,
    0.7517171204090118,
    0.7577386498451233,
    0.7601961195468903,
    0.758166030049324,
    0.7756579369306564,
    0.7425265908241272,
    0.7449261546134949,
    0.7138458788394928
  ],
  "val_loss": [
    1.1908853650093079,
    1.1758077144622803,
    1.2194278836250305,
    1.1947021484375,
    1.2083004117012024,
    1.1648112535476685,
    1.1571341753005981,
    1.1286683082580566,
    1.1090903580188751,
    1.1018538177013397,
    1.0648631751537323,
    1.128736287355423,
    1.1259229183197021,
    1.049542248249054,
    1.0445782244205475,
    0.9985906481742859,
    1.184810996055603,
    1.0533588826656342,
    1.0394749641418457,
    1.039377510547638,
    1.0348634719848633,
    0.9896827042102814,
    1.0681730806827545,
    1.0348395109176636,
    1.0225741267204285,
    0.9752353429794312,
    1.0425277352333069,
    0.9672625064849854,
    1.0521418750286102,
    0.9630918502807617,
    1.0170868933200836,
    0.9943545460700989,
    0.9621032774448395,
    1.0099044442176819,
    1.0087122023105621,
    0.9807075262069702,
    0.9663034975528717,
    0.9734011888504028,
    0.964439183473587,
    0.9769236147403717,
    0.9621633887290955,
    1.0207634568214417,
    1.0508305728435516,
    0.9416670203208923,
    1.0034766495227814,
    0.9711788892745972,
    0.9269648194313049,
    1.0128557682037354,
    0.944315105676651,
    1.1720854341983795,
    0.9362390339374542,
    0.9603098630905151,
    1.0881799161434174,
    1.1156642735004425,
    0.9315240681171417,
    0.9282346963882446,
    0.9188783168792725,
    0.952101081609726,
    0.9743319153785706,
    0.9726198017597198,
    0.9451001882553101,
    0.9750028252601624,
    0.9792859256267548,
    0.9566198587417603,
    0.934483677148819,
    0.9448032975196838,
    0.9775976836681366,
    1.068236619234085,
    0.9328393340110779,
    0.9996341168880463,
    0.922211080789566,
    0.9722964763641357,
    0.9506001770496368,
    0.9605762362480164,
    0.9491687417030334,
    0.9574231207370758,
    0.9449492692947388
  ],
  "train_recon": [
    1.1934328973293304,
    1.166062980890274,
    1.1353809237480164,
    1.085305467247963,
    1.0135275423526764,
    0.9556764364242554,
    0.9040762633085251,
    0.9438994377851486,
    0.8961259573698044,
    0.9054999351501465,
    0.8945122361183167,
    0.8670066148042679,
    0.8821898698806763,
    0.8748441338539124,
    0.8438979089260101,
    0.835284024477005,
    0.8080854564905167,
    0.8314280360937119,
    0.8218180537223816,
    0.8065919131040573,
    0.7921469956636429,
    0.7883186489343643,
    0.765475794672966,
    0.7737501561641693,
    0.791504442691803,
    0.7646583914756775,
    0.75010746717453,
    0.7424590289592743,
    0.7706152945756912,
    0.781334713101387,
    0.7443431317806244,
    0.7612886428833008,
    0.7399246245622635,
    0.7311986535787582,
    0.7276118844747543,
    0.7326805591583252,
    0.7315492331981659,
    0.7329058647155762,
    0.7228248566389084,
    0.7253923416137695,
    0.704413503408432,
    0.7128824293613434,
    0.7099408358335495,
    0.7168267518281937,
    0.7389149516820908,
    0.7308415621519089,
    0.6872571706771851,
    0.6812387257814407,
    0.7056982517242432,
    0.7362572997808456,
    0.7020899802446365,
    0.6753080636262894,
    0.7121204286813736,
    0.7091382145881653,
    0.6845153570175171,
    0.6891143769025803,
    0.6636562943458557,
    0.7094342708587646,
    0.6673700660467148,
    0.6854853332042694,
    0.693000078201294,
    0.6787037402391434,
    0.6306451708078384,
    0.6793828904628754,
    0.6961860209703445,
    0.6595793217420578,
    0.6724894642829895,
    0.6943507790565491,
    0.6631742268800735,
    0.6520554572343826,
    0.6548738479614258,
    0.6530222147703171,
    0.6525421291589737,
    0.6715661287307739,
    0.6403151154518127,
    0.6395873874425888,
    0.6086650341749191
  ],
  "val_recon": [
    1.145401507616043,
    1.1295420229434967,
    1.1447342038154602,
    1.0999238193035126,
    1.0824002623558044,
    1.0346912741661072,
    1.055509477853775,
    1.0556469857692719,
    1.0536613166332245,
    1.0467768609523773,
    1.0076870024204254,
    1.0682147443294525,
    1.070133626461029,
    0.9999589920043945,
    0.9944891929626465,
    0.9444050490856171,
    1.120203673839569,
    0.985653430223465,
    0.9714669287204742,
    0.9711182117462158,
    0.9706212282180786,
    0.9293903708457947,
    1.008527249097824,
    0.9645374119281769,
    0.9420374631881714,
    0.890741765499115,
    0.946078360080719,
    0.892116367816925,
    0.9830112457275391,
    0.8848439157009125,
    0.9226034581661224,
    0.8967466056346893,
    0.8677658438682556,
    0.9224143624305725,
    0.9218434989452362,
    0.897354930639267,
    0.8793130815029144,
    0.8850413262844086,
    0.8679757118225098,
    0.8695554435253143,
    0.8691501915454865,
    0.9366224706172943,
    0.9709027707576752,
    0.859127938747406,
    0.9143378436565399,
    0.8800575137138367,
    0.8367141783237457,
    0.9203991889953613,
    0.8577037751674652,
    1.0888205766677856,
    0.851390928030014,
    0.8755493760108948,
    0.9933944046497345,
    1.0141400694847107,
    0.8347000777721405,
    0.8369477689266205,
    0.8280266225337982,
    0.8455285727977753,
    0.8683655261993408,
    0.8757456839084625,
    0.8568686842918396,
    0.885342925786972,
    0.8931408524513245,
    0.877129465341568,
    0.8525414764881134,
    0.8628306090831757,
    0.8979907035827637,
    0.9906733930110931,
    0.8554438352584839,
    0.9195250570774078,
    0.8382991552352905,
    0.8854934275150299,
    0.8639079630374908,
    0.871919572353363,
    0.855328768491745,
    0.8581564128398895,
    0.8438946902751923
  ],