modality,n_features,mse,mae,r2,pearson_mean,spearman_mean,cosine_similarity
overall,13000,0.6031453609466553,0.5399635434150696,0.3968546390533447,0.6114077,0.4882773575206167,0.5508821
cnv,3000,0.38812434673309326,0.28048983216285706,0.6118756532669067,0.7638022,0.4747817032445441,0.75313383
methylation,5000,0.6145464181900024,0.5713568329811096,0.38545358180999756,0.60588104,0.4814436103526954,0.48758683
rna_seq,5000,0.7207567691802979,0.6642545461654663,0.27924323081970215,0.5254977,0.5032084972541816,0.5009098
